{"Lora:wjqLeonardo:1": -18.647057093394523,
"controlNet": -0.817389,
"da Leonardo da vinci": 47.985061962512304,
"mona_lisa": 11.651946,
"stableDiffusion-pruned-v-1-5": 0.0,
"stablydiffusedsMagnum__ v10": -65.938347}