{"Lora:wjqLeonardo:1": -23.440816405220694,
  "controlNet": -82.10472484999995,
  "da Leonardo da vinci": -140.84501604999994,
  "mona_lisa": -34.10303449999996,
  "stableDiffusion-pruned-v-1-5": 0.0,
  "stablydiffusedsMagnum__ v10": 10.285202600000044}